Ref,Val,Package,PosX,PosY,Rot,Side
"C1","10uF","CP_EIA-3216-18_Kemet-A",179.100000,-42.800000,0.000000,top
"C2","100nF","C_0805_2012Metric",194.300000,-40.350000,180.000000,top
"C3","10uF","CP_EIA-3216-18_Kemet-A",179.052500,-45.400000,0.000000,top
"C4","100nF","C_0805_2012Metric",182.400000,-65.250000,0.000000,top
"C5","100nF","C_0805_2012Metric",178.500000,-47.800000,0.000000,top
"C6","4.7uF","CP_EIA-3216-18_Kemet-A",171.947500,-56.200000,0.000000,top
"C7","100nF","C_0805_2012Metric",168.400000,-56.900000,90.000000,top
"C8","100nF","C_0805_2012Metric",166.000000,-66.575000,90.000000,top
"C9","100nF","C_0805_2012Metric",177.750000,-56.250000,0.000000,top
"C10","100nF","C_0805_2012Metric",176.350000,-72.862500,180.000000,top
"C11","4.7uF","CP_EIA-3216-18_Kemet-A",180.597500,-72.812500,0.000000,top
"C12","1uF","C_1210_3225Metric",182.975000,-62.500000,0.000000,top
"C13","100nF","C_0805_2012Metric",182.400000,-59.800000,0.000000,top
"C14","100nF","C_0805_2012Metric",189.575000,-88.350000,180.000000,top
"C15","100nF","C_0805_2012Metric",164.250000,-88.600000,180.000000,top
"C16","100nF","C_0805_2012Metric",176.900000,-88.550000,180.000000,top
"D2","SMBJ15A","D_SMB",161.950000,-49.250000,-90.000000,top
"D3","B340_SMA","D_SMA",166.300000,-49.100000,-90.000000,top
"D4","SS14","D_SMA",185.990000,-49.600000,0.000000,top
"D6","SS14","D_SMA",183.225000,-93.150000,-90.000000,top
"D7","SS14","D_SMA",187.075000,-93.100000,90.000000,top
"D8","SS14","D_SMA",157.950000,-93.300000,-90.000000,top
"D9","SS14","D_SMA",161.900000,-93.250000,90.000000,top
"D10","SS14","D_SMA",170.550000,-93.250000,-90.000000,top
"D11","SS14","D_SMA",174.550000,-93.200000,90.000000,top
"F1","1812L150/24","Fuse_1812_4532Metric",156.400000,-47.550000,180.000000,top
"FID1","Fiducial","Fiducial_1mm_Mask2mm",150.800000,-97.700000,0.000000,top
"FID2","Fiducial","Fiducial_1mm_Mask2mm",194.700000,-97.700000,0.000000,top
"FID3","Fiducial","Fiducial_1mm_Mask2mm",155.400000,-31.600000,0.000000,top
"FID4","Fiducial","Fiducial_0.5mm_Mask1mm",166.325000,-59.225000,90.000000,top
"FID5","Fiducial","Fiducial_0.5mm_Mask1mm",179.175000,-70.450000,0.000000,top
"L1","BEAD(FCM1608KF-601T03)","L_0603_1608Metric",182.150000,-57.950000,180.000000,top
"R1","330","R_0805_2012Metric",158.212500,-59.460000,0.000000,top
"R2","330","R_0805_2012Metric",158.212500,-57.310000,0.000000,top
"R3","330","R_0805_2012Metric",158.212500,-55.110000,0.000000,top
"R4","4.7k","R_0805_2012Metric",192.680000,-66.830000,-90.000000,top
"R5","4.7k","R_0805_2012Metric",195.200000,-66.822500,-90.000000,top
"R6","10k","R_0805_2012Metric",194.262500,-35.950000,180.000000,top
"R7","100","R_0805_2012Metric",191.040000,-49.462500,90.000000,top
"R8","1k","R_0805_2012Metric",194.262500,-38.150000,0.000000,top
"R9","10k","R_0805_2012Metric",193.540000,-49.487500,90.000000,top
"R10","10k","R_0805_2012Metric",182.362500,-67.300000,0.000000,top
"R11","10k","R_0805_2012Metric",173.425000,-73.562500,90.000000,top
"R12","330","R_0805_2012Metric",153.637500,-42.300000,180.000000,top
"R13","10k","R_0805_2012Metric",190.290000,-94.830000,90.000000,top
"R14","10k","R_0805_2012Metric",165.000000,-95.087500,90.000000,top
"R15","10k","R_0805_2012Metric",177.650000,-95.037500,90.000000,top
"R16","1k","R_0805_2012Metric",190.275000,-91.262500,90.000000,top
"R17","1k","R_0805_2012Metric",165.000000,-91.462500,90.000000,top
"R18","1k","R_0805_2012Metric",177.650000,-91.400000,90.000000,top
"U1","AMS1117-3.3_SOT223","SOT-223-3_TabPin2",172.100000,-46.150000,-90.000000,top
"U2","STM32F446RETx","LQFP-64_10x10mm_P0.5mm",173.802500,-64.100000,180.000000,top
